{
  "profile": {
    "name": "Kiran R",
    "title": "ML Engineer",
    "bio": "Passionate about creating beautiful and functional ML Models",
    "socialMedia": {
      "github": "https://github.com/yourusername",
      "linkedin": "https://linkedin.com/in/yourprofile",
      "twitter": "https://twitter.com/yourhandle",
      "instagram": "https://instagram.com/yourprofile"
    }
  },
  "about": {
    "content": "I am a dedicated full-stack developer with expertise in web development, AI integration, and blockchain technology. With a strong foundation in both frontend and backend technologies, I create innovative solutions that solve real-world problems. My passion lies in building scalable applications and continuously learning new technologies."
  },
  "education": [
    {
      "id": 1,
      "university": "University of Technology",
      "year": 2023,
      "score": 3.8
    },
    {
      "id": 2,
      "university": "Institute of Computer Science",
      "year": 2021,
      "score": 3.9
    }
  ],
  "skills": [
    {
      "id": 1,
      "name": "JavaScript",
      "score": 90
    },
    {
      "id": 2,
      "name": "Python",
      "score": 85
    },
    {
      "id": 3,
      "name": "React",
      "score": 88
    },
    {
      "id": 4,
      "name": "Node.js",
      "score": 87
    },
    {
      "id": 5,
      "name": "MongoDB",
      "score": 82
    },
    {
      "id": 6,
      "name": "Blockchain",
      "score": 75
    }
  ],
  "experience": [
    {
      "id": 1,
      "title": "Senior Developer",
      "company": "Tech Corp",
      "startDate": "2023-01",
      "endDate": "Present",
      "description": "Led development of multiple full-stack applications with focus on performance optimization"
    },
    {
      "id": 2,
      "title": "Junior Developer",
      "company": "StartUp Inc",
      "startDate": "2021-06",
      "endDate": "2022-12",
      "description": "Developed responsive web applications using React and Node.js"
    }
  ],
  "projects": [
    {
      "id": 1,
      "title": "AI Chatbot Application",
      "description": "An intelligent chatbot powered by machine learning for customer support",
      "preview": "https://via.placeholder.com/300x200?text=AI+Chatbot",
      "link": "https://example.com/chatbot",
      "githubLink": "https://github.com/yourusername/ai-chatbot"
    },
    {
      "id": 2,
      "title": "Blockchain Certificate System",
      "description": "Secure certificate issuance and verification system using blockchain technology",
      "preview": "https://via.placeholder.com/300x200?text=Blockchain",
      "link": "https://example.com/certificates",
      "githubLink": "https://github.com/yourusername/blockchain-certs"
    }
  ],
  "certifications": [
    {
      "id": 1,
      "title": "AWS Solutions Architect",
      "description": "Professional certification in AWS cloud architecture and design",
      "preview": "https://via.placeholder.com/200x200?text=AWS"
    },
    {
      "id": 2,
      "title": "Machine Learning Specialization",
      "description": "Advanced machine learning and deep learning techniques certification",
      "preview": "https://via.placeholder.com/200x200?text=ML"
    }
  ],
  "achievements": [
    {
      "id": 1,
      "title": "Hackathon Winner 2023",
      "description": "Won first place in National Hackathon with an innovative AI application",
      "preview": "https://via.placeholder.com/200x200?text=Hackathon"
    },
    {
      "id": 2,
      "title": "Open Source Contributor",
      "description": "Active contributor to multiple open-source projects with 500+ GitHub stars",
      "preview": "https://via.placeholder.com/200x200?text=Open+Source"
    }
  ],
  "resume": {
    "url": "/uploads/cv-1762620963201.pdf"
  },
  "contact": {
    "email": "your.email@example.com",
    "phone": "+1 (555) 123-4567",
    "message": "Feel free to reach out for collaborations or just a friendly hello!"
  }
}